kata,jenis,pengucapan,penjelasan,arti,gambar
expire,verb,ik-ˈspī(-ə)r,untuk menghirup napas terakhirnya: mati,berakhir,Default.jpg
icwales,None,None,None,Icwales,Default.jpg
virginians,None,None,None,orang Virgin,Default.jpg
tri,combining form,tri-,Tiga: Memiliki tiga elemen atau bagian,tri,Default.jpg
maxoptix,None,None,None,Maxoptix,Default.jpg
standardexception,None,None,None,StandardException,Default.jpg
unobstructed,adjective,ˌən-əb-ˈstrək-təd,jelas atau bebas dari penghalang atau hambatan: tidak terhalang,tidak terhalang,Default.jpg
wwwkazaalite,None,None,None,wwwkazaalite,Default.jpg
bionomics,noun,ˌbī-ə-ˈnä-miks,ekologi,Bionomik,Default.jpg
mirthful,noun,ˈmərth,kegembiraan atau keriangan seperti yang ditunjukkan atau disertai tawa,riang,Default.jpg
fireant,noun,fire ant,salah satu genus (solenopsis) dari semut omnivora yang sengit;Terutama: semut api impor,semut Api,Default.jpg
kasimdzhanov,None,None,None,Kasimdzhanov,Default.jpg
appro,abbreviation,appro,persetujuan,AKURNYA,Default.jpg
kuah,None,None,None,Kuah,Default.jpg
ugx,None,None,None,Ugx,Default.jpg
doelen,None,None,None,doelen,Default.jpg
nelle,biographical name,Lee,(Nelle) Harper 1926—2016 Novelis Amerika,Nelle,Default.jpg
agcas,None,None,None,Agcas,Default.jpg
uong,None,None,None,Uong,Default.jpg
flaked,verb,flake,untuk menutupi atau seolah -olah dengan serpihan,Flaked,Default.jpg
mctighe,None,None,None,McTighe,Default.jpg
wwwkoh,None,None,None,wwwkoh,Default.jpg
ladys,noun,ladies' man,Seorang pria yang menunjukkan kesukaan yang ditandai untuk ditemani wanita atau sangat memperhatikan wanita,Ladys,Default.jpg
minear,None,None,None,minear,Default.jpg
olivetti,None,None,None,Olivetti,Default.jpg
stuph,None,None,None,SANGAT,Default.jpg
vwp,None,None,None,VWP,Default.jpg
machard,None,None,None,Machard,Default.jpg
vld,None,None,None,vld,Default.jpg
eisdamme,None,None,None,Eisdamme,Default.jpg
stoneburner,None,None,None,Stoneburner,Default.jpg
pkn,None,None,None,pkn,Default.jpg
prostrating,verb,ˈprä-ˌstrāt,untuk melempar atau dimasukkan ke posisi sujud,bersujud,Default.jpg
darwinism,noun,ˈdär-wə-ˌni-zəm,"Teori asal dan pengabaian spesies baru hewan dan tumbuhan yang keturunan organisme yang diberikan bervariasi, bahwa seleksi alam mendukung kelangsungan hidup beberapa variasi ini atas yang lain, bahwa spesies baru telah muncul dan dapat terus muncul oleh proses ini,dan kelompok tanaman dan hewan yang sangat berbeda telah muncul dari leluhur yang sama",Darwinisme,Default.jpg
tutuila,geographical name,ˌtü-tü-ˈwē-lä,Pulau Kepala Area Kelompok Samoa Amerika 52 mil persegi (135 kilometer persegi),Tutuila,Default.jpg
kelley,None,None,None,Kelley,Default.jpg
abloy,None,None,None,Abloy,Default.jpg
unac,None,None,None,unac,Default.jpg
tycho,biographical name,ˈbrä,Tycho 1546—1601 Astronom Denmark,Tycho,Default.jpg
versioned,None,None,None,Diversi,Default.jpg
iugg,None,None,None,IUGG,Default.jpg
geobreeders,None,None,None,Geobreeders,Default.jpg
headin,adjective,ˈhed-in-ṯẖə-ˈsand,tidak mau mengenali atau mengakui masalah atau situasi,headin,Default.jpg
bushs,None,None,None,Bushs,Default.jpg
farron,None,None,None,Farron,Default.jpg
letts,noun,ˈlet,Latvia,Letts,Default.jpg
interferometry,noun,ˌin-tər-fə-ˈrä-mə-tər,Peralatan yang memanfaatkan gangguan gelombang (seperti cahaya) untuk penentuan yang tepat (seperti jarak atau panjang gelombang),interferometri,Default.jpg
leiomyomas,None,None,None,leiomyoma,Default.jpg
brawling,verb,ˈbrȯl,bertengkar atau bertarung dengan berisik: bertengkar,BRAWLING,Default.jpg
urar,None,None,None,Urar,Default.jpg
embedment,verb,im-ˈbed,untuk melampirkan erat atau seolah -olah dalam matriks,embedment,Default.jpg
elvet,None,None,None,Elvet,Default.jpg
repackaging,verb,(ˌ)rē-ˈpa-kij,untuk mengemas lagi atau lebih baru;Khususnya: untuk dimasukkan ke dalam bentuk yang lebih efisien atau menarik,mengemas kembali,Default.jpg
galanos,None,None,None,Galanos,Default.jpg
iconnect,None,None,None,iconnect,Default.jpg
unmarshal,None,None,None,unmarshal,Default.jpg
aidem,None,None,None,AIDEM,Default.jpg
davidii,None,None,None,Davidii,Default.jpg
vh,None,None,None,VH,Default.jpg
uka,None,None,None,Uka,Default.jpg
rendlesham,None,None,None,Rendlesham,Default.jpg
mccardle,None,None,None,McCardle,Default.jpg
locknuts,noun,ˈläk-ˌnət,mur kacau keras pada yang lain untuk mencegahnya mengendur punggung,Kunci kunci,Default.jpg
redemptorist,noun,ri-ˈdem(p)-t(ə-)rist,"Seorang anggota Kongregasi Penebus Suci yang Didirikan oleh St. Alphonsus Liguori di Scala, Italia, pada 1732 dan dikhususkan untuk berkhotbah",Redemptorist,Default.jpg
cattanach,None,None,None,Cattanach,Default.jpg
versicolor,None,None,None,Versicolor,Default.jpg
procurements,noun,prə-ˈkyu̇r-mənt,tindakan atau proses pengadaan;Terutama: memperoleh pasokan militer oleh pemerintah,Pengadaan,Default.jpg
mittels,None,None,None,Mittels,Default.jpg
thinners,noun,ˈthi-nər,salah satu yang menipis;Khususnya: cairan yang mudah menguap (seperti terpentin) yang digunakan terutama untuk cat tipis,Pengencer,Default.jpg
kalidas,None,None,None,Kalidas,Default.jpg
ferr,None,None,None,Ferr,Default.jpg
cbrn,None,None,None,CBRN,Default.jpg
randomisation,None,None,None,pengacakan,Default.jpg
einrichten,None,None,None,Einrichten,Default.jpg
mahood,None,None,None,Mahood,Default.jpg
terril,None,None,None,terril,Default.jpg
pulmonaria,None,None,None,Pulmonaria,Default.jpg
enig,None,None,None,Enig,Default.jpg
emacsclient,None,None,None,Emacsclient,Default.jpg
immunocytochemistry,noun,ˌi-myə-nō-ˌsī-tō-ˈke-mə-strē,Penerapan biokimia untuk imunologi seluler,Imunositokimia,Default.jpg
materiale,None,None,None,materiale,Default.jpg
soffe,None,None,None,Soffe,Default.jpg
eventsfree,None,None,None,Peristiwa bebas,Default.jpg
rosing,None,None,None,rosing,Default.jpg
ratea,None,None,None,ratea,Default.jpg
tyran,None,None,None,Tyran,Default.jpg
unruly,adjective,ˌən-ˈrü-lē,"tidak mudah diperintah, disiplin, atau dikelola",tegar,Default.jpg
partnerserve,None,None,None,Mitra,Default.jpg
prewired,None,None,None,prewired,Default.jpg
castleberry,None,None,None,Castleberry,Default.jpg
cloaking,verb,cloak,untuk menutup atau bersembunyi dengan atau seolah -olah dengan jubah,cloaking,Default.jpg
ghats,noun,ˈgȯt,Penerbangan besar langkah -langkah yang terletak di tepi sungai India dan yang menyediakan akses ke air terutama untuk mandi,Ghats,Default.jpg
sloulin,None,None,None,sloulin,Default.jpg
perth,geographical name,ˈpərth,"Kota di Sungai Swan di Australia barat daya yang merupakan ibu kota negara bagian Australia Barat, populasi 1.728.867",Perth,Default.jpg
papillon,noun,ˌpä-pē-ˈyōⁿ,Salah satu jenis keliling mainan ramping di Eropa yang memiliki telinga yang sangat ereksi besar,Papillon,Default.jpg
poblano,noun,pō-ˈblä-nō,Lada cabai berbentuk hati yang besar biasanya ringan terutama saat segar dan hijau gelap,Poblano,Default.jpg
lpvoid,None,None,None,lpvoid,Default.jpg
schnitzler,biographical name,ˈshnits-lər,Arthur 1862—1931 Dramatis dan novelis Austria,Schnitzler,Default.jpg
utente,None,None,None,utente,Default.jpg
foodnetworkcom,None,None,None,FoodNetworkcom,Default.jpg
optn,None,None,None,optn,Default.jpg
dicto,None,None,None,Dicto,Default.jpg
sportspeople,None,None,None,Olahragawan,Default.jpg
hierapolis,None,None,None,Hierapolis,Default.jpg
presidio,noun,pri-ˈsē-dē-ˌō,tempat garnisun;Khususnya: Pos Militer atau Pemukiman Benteng di daerah yang saat ini atau awalnya di bawah kendali Spanyol,benteng,Default.jpg
goulais,None,None,None,Goulais,Default.jpg
photoe,None,None,None,foto,Default.jpg
reichmann,None,None,None,Reichmann,Default.jpg
mediacorp,None,None,None,Mediacorp,Default.jpg
anlagen,noun,ˈän-ˌlä-gə,fondasi perkembangan selanjutnya;Terutama: Primordium,Anlagen,Default.jpg
telos,noun,ˈte-ˌläs,akhir akhir,Telos,Default.jpg
alajuela,geographical name,ˌä-lä-ˈhwā-lä,Town West San José di Populasi Kosta Rika Pusat 163.000,Alauela,Default.jpg
doradus,None,None,None,Doradus,Default.jpg
computerd,None,None,None,komputer,Default.jpg
eurotherm,None,None,None,Euroterm,Default.jpg
vacantly,adjective,ˈvā-kənt,"tidak ditempati oleh petahana, pemilik, atau petugas",kosong,Default.jpg
supervene,verb,ˌsü-pər-ˈvēn,"untuk mengikuti atau menghasilkan sebagai tambahan, adventif, atau pengembangan yang tidak terduga",datang setelah,Default.jpg
ragazzo,None,None,None,Ragazzo,Default.jpg
hotamilcom,None,None,None,hotamilcom,Default.jpg
vendorname,None,None,None,Nama pedagang,Default.jpg
fekkai,None,None,None,Fekkai,Default.jpg
radiochemical,noun,ˌrā-dē-ō-ˈke-mə-strē,Cabang Kimia Berurusan dengan Zat Radioaktif dan Fenomena Termasuk Studi Pelacak,Radiekimia,Default.jpg
bayswater,None,None,None,Bayswater,Default.jpg
bizon,None,None,None,Bizon,Default.jpg
tammerrush,None,None,None,Tammerrush,Default.jpg
reactivate,verb,(ˌ)rē-ˈak-tə-ˌvāt,untuk mengaktifkan (sesuatu atau seseorang) lagi: seperti,mengaktifkan kembali,Default.jpg
iconator,None,None,None,Ikonator,Default.jpg
sp,abbreviation,sp,spesial,sp,Default.jpg
throwout,verb,throw out,"untuk menghapus dari suatu tempat, kantor, atau pekerjaan biasanya dengan cara yang tiba -tiba atau tidak terduga",Lempar,Default.jpg
forcat,None,None,None,forcat,Default.jpg
komando,None,None,None,Komando,Default.jpg
gramma,None,None,None,Gramma,Default.jpg
ducks,noun,ˈdək,"Salah satu dari berbagai burung renang (keluarga Anatidae, keluarga bebek) di mana leher dan kaki pendek, kaki biasanya berselaput, tagihannya seringkali luas dan datar, dan jenis kelamin biasanya berbeda satu sama lain dalam bulu -bulu - sering digunakan secara kiasan dalam frasa secara kiasanSeperti memiliki bebek seseorang berturut -turut, berikan bebek seseorang berturut -turut, atau meletakkan bebek seseorang berturut -turut untuk menggambarkan menjadi atau menjadi siap atau terorganisir secara menyeluruh",bebek,Default.jpg
filmhome,None,None,None,Filmhome,Default.jpg
pwllheli,None,None,None,pwllheli,Default.jpg
nzcer,None,None,None,nzcer,Default.jpg
heldref,None,None,None,Heldref,Default.jpg
sartre,biographical name,ˈsärtrᵊ,"Jean-Paul 1905—1980 Filsuf, Drama, dan Novelis Prancis",Sartre,Default.jpg
pertenecen,None,None,None,Pertenecen,Default.jpg
dosemu,None,None,None,dosemu,Default.jpg
cricketer,verb,cricket,untuk memainkan permainan kriket,pemain kriket,Default.jpg
brake,noun,ˈbrāk,perangkat untuk menangkap atau mencegah gerakan mekanisme biasanya dengan menggunakan gesekan,rem,Default.jpg
wwwoptusnetau,None,None,None,wwwoptusnetau,Default.jpg
jrh,None,None,None,jrh,Default.jpg
blinde,None,None,None,buta,Default.jpg
doughnuts,noun,ˈdō-(ˌ)nət,sepotong adonan goreng manis yang biasanya berbentuk cincin,donat,Default.jpg
straps,noun,ˈstrap,"strip atau thong sempit yang biasanya datar dari bahan yang fleksibel dan terutama kulit yang digunakan untuk mengamankan, menyatukan, atau membungkus",tali,Default.jpg
glenda,None,None,None,Glenda,Default.jpg
clpiart,None,None,None,clipart,Default.jpg
martinson,None,None,None,Martinson,Default.jpg
slutsquebec,None,None,None,Slutsquebec,Default.jpg
cartucho,None,None,None,cartucho,Default.jpg
overfull,None,None,None,terlalu banyak,Default.jpg
kihn,None,None,None,Kihn,Default.jpg
brightwood,None,None,None,kayu cerah,Default.jpg
rcr,None,None,None,rcr,Default.jpg
relia,None,None,None,relia,Default.jpg
ursuline,noun,ˈər-sə-lən,"anggota dari beberapa dari beberapa perintah pengajaran Katolik Roma;Khususnya: Anggota Ordo Pengajaran yang didirikan oleh St Angela Merici di Brescia, Italia, pada 1535",Ursuline,Default.jpg
altissimo,None,None,None,altissimo,Default.jpg
heliothis,None,None,None,Heliothis,Default.jpg
cayucos,None,None,None,Cayucos,Default.jpg
tanase,None,None,None,Tanase,Default.jpg
humoral,adjective,ˈhyü-mə-rəl,"dari, berkaitan dengan, melanjutkan dari, atau melibatkan humor tubuh (seperti hormon)",humoral,Default.jpg
signorile,None,None,None,Signorile,Default.jpg
vocalizing,verb,ˈvō-kə-ˌlīz,untuk memberikan suara kepada: mengucapkan;Khususnya: Bernyanyi,vokalisasi,Default.jpg
authenic,None,None,None,autentik,Default.jpg
westphalia,geographical name,west-ˈfāl-yə,Wilayah Jerman Barat yang berbatasan di Belanda di sebelah timur Sungai Rhine,Westphalia,Default.jpg
iroko,noun,ə-ˈrō-(ˌ)kō,Sebuah pohon tropis besar Afrika Barat (Chlorophora excelsa) dari keluarga Mulberry yang memiliki kayu tahan serangga yang kuat yang sering digunakan sebagai pengganti jati;Juga: kayu ini,Iroko,Default.jpg
tarantic,None,None,None,tarantic,Default.jpg
coupeville,None,None,None,Coupeville,Default.jpg
gldn,None,None,None,Gldn,Default.jpg
iad,None,None,None,IAD,Default.jpg
cornejo,None,None,None,Cornejo,Default.jpg
thrus,noun,drive-through,pendirian drive-through (seperti restoran atau bank);Juga: jendela drive-through di tempat pembentukan seperti itu,seriawan,Default.jpg
unannounced,adjective,ˌən-ə-ˈnau̇n(t)st,terjadi tanpa pengumuman atau peringatan sebelumnya: tidak diumumkan,tanpa pemberitahuan,Default.jpg
mejoras,None,None,None,Mejoras,Default.jpg
breathin,None,None,None,bernafas,Default.jpg
maywood,geographical name,ˈmā-ˌwu̇d,Kota di barat daya California Tenggara Downtown Los Angeles Populasi 27.395,Maywood,Default.jpg
tommys,None,None,None,Tommys,Default.jpg
villarreal,None,None,None,Villarreal,Default.jpg
black,adjective,ˈblak,Memiliki warna yang sangat gelap dari langit malam atau pupil mata: warna hitam,hitam,Default.jpg
nrao,None,None,None,nrao,Default.jpg
pensoft,None,None,None,pensoft,Default.jpg
glancey,None,None,None,melirik,Default.jpg
gallien,None,None,None,Gallien,Default.jpg
catchphrases,noun,ˈkach-ˌfrāz,"kata atau ekspresi yang digunakan berulang kali dan nyaman untuk mewakili atau mengkarakterisasi seseorang, kelompok, ide, atau sudut pandang",slogan,Default.jpg
pillowed,verb,pillow,untuk beristirahat atau berbaring atau seolah -olah di atas bantal,BROCKOWED,Default.jpg
beec,None,None,None,Beec,Default.jpg
tendre,None,None,None,tendre,Default.jpg
alai,geographical name,ˈä-ˌlī,Gunung di Kyrgyzstan barat daya;Puncak tertinggi 19.554 kaki (5960 meter),Alai,Default.jpg
calcitonin,noun,ˌkal-sə-ˈtō-nən,Hormon polipeptida terutama dari kelenjar tiroid yang menurunkan kadar kalsium dalam plasma darah - juga dihalangi tirokalsitonin,kalsitonin,Default.jpg
liabilty,None,None,None,beban,Default.jpg
mutilate,verb,ˈmyü-tə-ˌlāt,untuk memotong atau mengubah secara radikal sehingga membuat tidak sempurna,memuntungkan,Default.jpg
opdx,None,None,None,opdx,Default.jpg
kyran,None,None,None,Kyran,Default.jpg
ayala,None,None,None,Ayala,Default.jpg
revitalizes,verb,(ˌ)rē-ˈvī-tə-ˌlīz,untuk memberikan kehidupan atau semangat baru,merevitalisasi,Default.jpg
anitha,None,None,None,Anitha,Default.jpg
soaps,verb,soap,untuk menggosok sabun di atas atau ke dalam,sabun,Default.jpg
smoothie,noun,ˈsmü-t͟hē,"Minuman krim yang terbuat dari buah dicampur dengan jus, susu, atau yogurt",smoothie,Default.jpg
redwing,noun,ˈred-ˌwiŋ,A Thrush Eropa (Turdus iliacus sinonim T. Musicus) yang memiliki bagian bawah yang merah,sayap merah,Default.jpg
pythonce,None,None,None,Pythonce,Default.jpg
dcience,None,None,None,sains,Default.jpg
powerdyne,None,None,None,Powydyne,Default.jpg
serrato,None,None,None,Serrato,Default.jpg
mobilier,None,None,None,Mobilier,Default.jpg
cledet,None,None,None,Cledet,Default.jpg
telo,combining form,tel-,akhir,Telo,Default.jpg
forked,adjective,ˈfȯrkt,menyerupai garpu terutama dalam satu ujung dibagi menjadi dua atau lebih cabang atau poin,bercabang dua,Default.jpg
abrash,None,None,None,abrash,Default.jpg
excitability,adjective,ik-ˈsī-tə-bəl,mampu dengan mudah dibangunkan ke dalam tindakan atau keadaan kegembiraan atau mudah tersinggung,sifat dpt dirangsang,Default.jpg
keef,None,None,None,Keef,Default.jpg
huac,abbreviation,HUAC,House Un-American Activity Committee,huac,Default.jpg
madhura,None,None,None,Madhura,Default.jpg
polar,adjective,ˈpō-lər,atau berkaitan dengan tiang geografis atau wilayah di sekitarnya,kutub,Default.jpg
christianna,None,None,None,Christianna,Default.jpg
hermansson,None,None,None,Hermansson,Default.jpg
weatherford,None,None,None,Weatherford,Default.jpg
dyne,noun,ˈdīn,Unit gaya dalam sistem detik-gram sentimeter sama dengan gaya yang akan memberikan massa bebas satu gram percepatan satu sentimeter per detik per detik,dyne,Default.jpg
godspell,None,None,None,Godspell,Default.jpg
macbeth,noun,mək-ˈbeth,seorang jenderal Skotlandia yang merupakan protagonis dari tragedi Shakespeare Macbeth,Macbeth,Default.jpg
institutes,noun,ˈin(t)-stə-ˌtüt,sesuatu yang dilembagakan: seperti,Lembaga,Default.jpg
epistemology,noun,i-ˌpi-stə-ˈmä-lə-jē,Studi atau teori sifat dan dasar pengetahuan terutama dengan mengacu pada batas dan validitasnya,epistemologi,Default.jpg
heavyhands,idiom,heavy on one's hands,—D) untuk mengatakan bahwa waktu berlalu sangat lambat,Tanah berat,Default.jpg
deady,None,None,None,deady,Default.jpg
rollright,None,None,None,Rollright,Default.jpg
shamus,noun,ˈshä-məs,polisi,polisi,Default.jpg
pelton,None,None,None,Pelton,Default.jpg
crushspace,None,None,None,ruang naksir,Default.jpg
parklands,noun,ˈpärk-ˌland,mendarat dengan gumpalan pohon dan semak dalam kondisi budidaya digunakan sebagai atau cocok untuk digunakan sebagai taman,Parklands,Default.jpg
stigmata,noun,ˈstig-mə,satu set keyakinan negatif dan tidak adil yang dimiliki masyarakat atau sekelompok orang tentang sesuatu,Stigmata,Default.jpg
bowman,noun,ˈbō-mən,pemanah,pemanah,Default.jpg
adenauer,biographical name,ˈa-də-ˌnau̇(-ə)r,Konrad 1876—1967 Kanselir Jerman Barat (1949-63),Adenauer,Default.jpg
statechart,None,None,None,Statechart,Default.jpg
wig,noun,ˈwig,penutup rambut alami atau sintetis yang diproduksi untuk kepala,teguran,Default.jpg
zaffiro,None,None,None,Zaffiro,Default.jpg
celebra,None,None,None,Selebra,Default.jpg
hesburgh,None,None,None,Hesburgh,Default.jpg
bluebeat,None,None,None,Bluebeat,Default.jpg
convergence,noun,kən-ˈvər-jən(t)s,tindakan konvergen dan terutama bergerak menuju persatuan atau keseragaman;Khususnya: Gerakan terkoordinasi dari kedua mata sehingga gambar satu titik terbentuk pada area retina yang sesuai,konvergensi,Default.jpg
enferm,None,None,None,Enferm,Default.jpg
zoos,noun,ˈzü,"Sebuah fasilitas dengan pengaturan yang biasanya dalam dan luar ruangan di mana hidup, biasanya hewan liar disimpan terutama untuk pameran publik - juga dituliskan kebun zoologi, taman zoologi",Kebun Binatang,Default.jpg
bkg,abbreviation,bkg,perbankan,BKG,Default.jpg
dissed,verb,ˈdis,untuk memperlakukan dengan tidak hormat atau penghinaan: menghina,dised,Default.jpg
joi,None,None,None,Joi,Default.jpg
diskoteka,None,None,None,Diskoteka,Default.jpg
comixtreme,None,None,None,comixtreme,Default.jpg
nonparticipation,noun,ˌnän-(ˌ)pär-ˌti-sə-ˈpā-shən,ketidakhadiran atau kurangnya partisipasi,non -partisipasi,Default.jpg
banda,geographical name,ˈban-də,Pulau Indonesia di Maluku selatan area Pulau Ceram 16 mil persegi (42 kilometer persegi),Banda,Default.jpg
upsd,None,None,None,upsd,Default.jpg
skateboa,None,None,None,skateboard,Default.jpg
oolong,noun,ˈü-ˌlȯŋ,teh terbuat dari daun yang sebagian teroksidasi sebelum ditembakkan,Oolong,Default.jpg
keira,None,None,None,Keira,Default.jpg
dedo,noun,ˌh(w)üp-dē-ˈdü,Kegiatan yang berisik dan bersemangat atau menarik perhatian (seperti pada urusan sosial atau dalam kampanye politik),dedo,Default.jpg
libxau,None,None,None,libxau,Default.jpg
samia,None,None,None,Samia,Default.jpg
toenails,verb,toenail,untuk mengikat dengan kuku yang bertugas: kaki,Kuku jari kaki,Default.jpg
nets,noun,ˈnet,"Kain yang dipelintir, diikat, atau ditenun bersama secara berkala secara berkala",jaring,Default.jpg
conduits,noun,ˈkän-ˌdü-ət,saluran alami atau buatan yang melaluinya sesuatu (seperti cairan) disampaikan,saluran,Default.jpg
scannell,None,None,None,Scannell,Default.jpg
flushes,verb,ˈfləsh,untuk terbang tiba -tiba,flushes,Default.jpg
loveline,None,None,None,garis cinta,Default.jpg
ezgear,None,None,None,Ezgear,Default.jpg
hmx,None,None,None,hmx,Default.jpg
tdh,None,None,None,tdh,Default.jpg
atlantean,adjective,ˌat-ˌlan-ˈtē-ən,"dari, berkaitan dengan, atau menyerupai atlas: kuat",Atlantis,Default.jpg
nabu,None,None,None,Nabu,Default.jpg
bunye,None,None,None,Bunye,Default.jpg
playermulti,None,None,None,PLAYERMULTI,Default.jpg
samwha,None,None,None,Samwha,Default.jpg
rightmargin,None,None,None,RightMargin,Default.jpg
lilliput,noun,ˈli-li-(ˌ)pət,Sebuah pulau di Swift's Gulliver's Travels di mana penduduknya setinggi enam inci,Lilliput,Default.jpg
mhmr,None,None,None,MHMR,Default.jpg
akpland,None,None,None,Akpland,Default.jpg
rainbo,None,None,None,Rainbo,Default.jpg
superman,noun,ˈsü-pər-ˌman,seorang pria superior yang menurut Nietzsche telah belajar untuk melupakan kesenangan singkat dan mencapai kebahagiaan dan dominasi melalui latihan kekuatan kreatif,Superman,Default.jpg
celi,None,None,None,Celi,Default.jpg
ascidian,noun,ə-ˈsi-dē-ən,salah satu kelas (ascidiacea) dari soliter atau kolonial sessile tunicate yang memiliki siphon yang didorong dan sangat luar biasa - disebut juga menyemprotkan laut,Ascidian,Default.jpg
pusillus,None,None,None,Pusillus,Default.jpg
abergavenny,None,None,None,Abergavenny,Default.jpg
xfig,None,None,None,xfig,Default.jpg
gabbay,None,None,None,Gabbay,Default.jpg
sirlinksalot,None,None,None,sirlinksalot,Default.jpg
bridwell,None,None,None,Bridwell,Default.jpg
spittelauer,None,None,None,Spittelauer,Default.jpg
tattletale,noun,ˈta-tᵊl-ˌtāl,seseorang (seperti anak kecil) yang menceritakan rahasia tentang apa yang telah dilakukan orang lain: orang yang mengetok: informan,pengadu,Default.jpg
mons,geographical name,ˈmōⁿs,Komune di wilayah Wallonia Populasi Belgia Barat Daya 94.500,Mons,Default.jpg
socw,None,None,None,Socw,Default.jpg
vahe,None,None,None,Vahe,Default.jpg
ticona,None,None,None,Ticona,Default.jpg
projcet,None,None,None,proyek,Default.jpg
powerheads,None,None,None,Powerheads,Default.jpg
gamble,verb,ˈgam-bəl,untuk memainkan permainan untuk uang atau properti,berjudi,Default.jpg
owns,verb,own,untuk memiliki atau memegang sebagai properti: memiliki,memiliki,Default.jpg
jalbert,None,None,None,Jalbert,Default.jpg
consigned,verb,kən-ˈsīn,untuk menyerah pada perawatan orang lain,Diberikan,Default.jpg
unworthily,adjective,ˌən-ˈwər-t͟hē,"kurang dalam keunggulan atau nilai: buruk, tidak berharga",secara tidak layak,Default.jpg
twinview,None,None,None,Twinview,Default.jpg
udit,None,None,None,Udit,Default.jpg
wwwolncom,None,None,None,wwwolncom,Default.jpg
monitorware,None,None,None,peralatan monitor,Default.jpg
abeja,None,None,None,Abeja,Default.jpg
posessions,None,None,None,harta milik,Default.jpg
rulings,noun,ˈrü-liŋ,"keputusan, keputusan, pernyataan, atau interpretasi resmi atau otoritatif (seperti oleh hakim pada titik hukum)",putusan,Default.jpg
freeresistor,None,None,None,Freeresistor,Default.jpg
registering,verb,register,untuk membuat atau mengamankan entri resmi dalam register,mendaftar,Default.jpg
haversack,noun,ˈha-vər-ˌsak,tas mirip dengan ransel tapi dikenakan di atas satu bahu,rangsel,Default.jpg
hta,None,None,None,hta,Default.jpg
neusten,None,None,None,Neusten,Default.jpg
pharr,geographical name,ˈfär,Kota di Texas Selatan Timur Populasi McAllen 70.400,Pharr,Default.jpg
linoleum,noun,lə-ˈnō-lē-əm,"Penutup lantai yang dibuat dengan meletakkan goni atau kanvas yang mendukung campuran minyak biji rami yang dipadatkan dengan gusi, debu gabus atau tepung kayu atau keduanya, dan biasanya pigmen",linolium,Default.jpg
wise,adjective,ˈwīz,"ditandai oleh kebijaksanaan: ditandai dengan pemahaman yang mendalam, penegasan yang tajam, dan kapasitas untuk penilaian yang baik",bijak,Default.jpg
proximately,adjective,ˈpräk-sə-mət,"segera sebelum atau mengikuti (seperti dalam rangkaian peristiwa, penyebab, atau efek)",tepatnya,Default.jpg
schutz,None,None,None,Schutz,Default.jpg
unpermitted,None,None,None,tidak diizinkan,Default.jpg
girds,verb,gird,mencibir: mengejek,Girds,Default.jpg
gastroenterologist,noun,ˌga-strō-ˌen-tə-ˈrä-lə-jē,"Cabang kedokteran yang berkaitan dengan struktur, fungsi, penyakit, dan patologi lambung dan usus",Gastroenterologi,Default.jpg
hansastrasse,None,None,None,Hansastrasse,Default.jpg
norgaard,None,None,None,Norgaard,Default.jpg
doktorspiele,None,None,None,Doktorspiele,Default.jpg
dwy,None,None,None,dwy,Default.jpg
sotho,noun,ˈsō-(ˌ)tō,salah satu bahasa Sotho dan terutama Sesotho,Sotho,Default.jpg
sefer,None,None,None,Sefer,Default.jpg
voelcker,None,None,None,Voelcker,Default.jpg
matryoshka,None,None,None,Matryoshka,Default.jpg
undermines,verb,ˌən-dər-ˈmīn,untuk menumbangkan atau melemahkan secara diam -diam atau diam -diam,merongrong,Default.jpg
joise,None,None,None,Joise,Default.jpg
perfectness,adjective,ˈpər-fikt,sepenuhnya tanpa kesalahan atau cacat: tanpa cacat,kesempurnaan,Default.jpg
foreknew,verb,(ˌ)fȯr-ˈnō,untuk memiliki pengetahuan sebelumnya tentang: Ketahui sebelumnya terutama dengan cara paranormal atau dengan wahyu,Foreknew,Default.jpg
uniden,None,None,None,Uniden,Default.jpg
ngurah,None,None,None,Ngurah,Default.jpg
nyhetsbrev,None,None,None,NYHETSBREV,Default.jpg
agb,None,None,None,agb,Default.jpg
acslxtreme,None,None,None,acslxtreme,Default.jpg
xxxpegasusyyy,None,None,None,xxxpegasusyyy,Default.jpg
spectr,None,None,None,spektrum,Default.jpg
pfts,None,None,None,PFTS,Default.jpg
dprint,None,None,None,dprint,Default.jpg
hable,None,None,None,hable,Default.jpg
comergent,None,None,None,comergent,Default.jpg
disjoint,adjective,(ˌ)dis-ˈjȯint,terputus -putus,menguraikan,Default.jpg
officine,None,None,None,Officine,Default.jpg
rajons,None,None,None,Rajons,Default.jpg
montilla,None,None,None,Montilla,Default.jpg
overlayer,None,None,None,overlayer,Default.jpg
specter,noun,ˈspek-tər,Roh tanpa tubuh yang terlihat: hantu,momok,Default.jpg
gremlins,noun,ˈgrem-lən,Penyebab kesalahan atau kerusakan peralatan (seperti dalam pesawat) yang dipahami sebagai gnome kecil nakal,gremlin,Default.jpg
leggy,adjective,ˈle-gē,memiliki kaki yang sangat panjang,berkaki panjang,Default.jpg
medis,None,None,None,medis,Default.jpg
anglophone,adjective,ˈaŋ-glə-ˌfōn,terdiri dari atau milik populasi berbahasa Inggris terutama di negara di mana dua atau lebih bahasa diucapkan,Anglophone,Default.jpg
confessionals,noun,kən-ˈfesh-nəl,tempat di mana seorang pendeta mendengar pengakuan,pengakuan dosa,Default.jpg
citicardscom,None,None,None,Citicardscom,Default.jpg
flotilla,noun,flō-ˈti-lə,armada kapal atau kapal;Terutama: Unit Organisasi Angkatan Laut yang terdiri dari dua atau lebih skuadron kapal perang kecil,armada,Default.jpg
esops,noun,ˌē-ˌes-(ˌ)ō-ˈpē,sebuah program yang dengannya karyawan perusahaan memperoleh sahamnya,esops,Default.jpg
hnl,None,None,None,hnl,Default.jpg
holabird,None,None,None,Holabird,Default.jpg
fedorabulkingest,None,None,None,Fedorabulkingest,Default.jpg
glbtq,abbreviation,GLBTQ,"Gay, lesbian, biseksual, transgender, dan aneh/bertanya (identitas seksual atau gender seseorang)",Glbtq,Default.jpg
ar,noun,ˈär,huruf r,ar,Default.jpg
bwana,noun,ˈbwä-nə,"Tuan, Bos",Bwana,Default.jpg
drom,None,None,None,drom,Default.jpg
balis,None,None,None,Balis,Default.jpg
entrepreneurship,noun,ˌän-trə-p(r)ə-ˈnər,"orang yang mengatur, mengelola, dan menanggung risiko bisnis atau perusahaan",kewiraswastaan,Default.jpg
sobers,verb,sober,untuk membuat sadar,Sobers,Default.jpg
jardin,French quotation from {i_link|Voltaire|Voltaire:b},ēl-fō-kᵫl-tē-vā-nȯt-zhär-daⁿ,Kita harus mengolah kebun kita: kita harus merawat urusan kita sendiri,Jardin,Default.jpg
xlvi,None,None,None,xlvi,Default.jpg
interquartile,None,None,None,interkuartil,Default.jpg
elks,noun,ˈelk,Moose —) untuk salah satu dunia lama,Elks,Default.jpg
canal,noun,kə-ˈnal,Sebuah saluran anatomi tubular atau saluran: saluran,kanal,Default.jpg
bakes,verb,ˈbāk,untuk memasak dengan api kering terutama dalam oven,Bakes,Default.jpg
biocentrics,None,None,None,Biosentrik,Default.jpg
mustunderstand,None,None,None,mustunderstand,Default.jpg
estara,None,None,None,Estara,Default.jpg
coreid,None,None,None,Coreid,Default.jpg
vastness,adjective,ˈvast,"sangat bagus dalam ukuran, jumlah, derajat, intensitas, atau terutama dalam tingkat atau kisaran",keluasan,Default.jpg
morbus,noun,ˈkä-lə-rə-ˈmȯr-bəs,"Penyakit gastrointestinal ditandai oleh kram, diare, dan terkadang muntah",Morbus,Default.jpg
mattm,None,None,None,Mattm,Default.jpg
slugnet,None,None,None,slugnet,Default.jpg
forelle,None,None,None,Forelle,Default.jpg
ccim,None,None,None,CCIM,Default.jpg
enclaves,noun,ˈen-ˌklāv,"unit teritorial, budaya, atau sosial yang berbeda tertutup di dalam atau seolah -olah di dalam wilayah asing",Enclaves,Default.jpg
schultz,None,None,None,Schultz,Default.jpg
bild,None,None,None,Bild,Default.jpg
hatshepsut,None,None,None,Hatshepsut,Default.jpg
explodes,verb,ik-ˈsplōd,untuk meledak dengan kekerasan tiba -tiba atau kebisingan dari energi internal: seperti,meledak,Default.jpg
formalisms,noun,ˈfȯr-mə-ˌli-zəm,praktik atau doktrin kepatuhan yang ketat terhadap bentuk yang ditentukan atau eksternal (seperti dalam agama atau seni);Juga: contoh dari ini,formalisme,Default.jpg
vivica,None,None,None,Vivica,Default.jpg
wavefront,noun,wave front,Permukaan yang disusun setiap saat dari semua titik yang baru saja dicapai oleh gangguan getaran dalam perambatannya melalui media,Wavefront,Default.jpg
dharmakirti,None,None,None,Dharmakirti,Default.jpg
perge,None,None,None,Perge,Default.jpg
humiliations,verb,hyü-ˈmi-lē-ˌāt,untuk mengurangi (seseorang) ke posisi yang lebih rendah di mata sendiri atau mata orang lain: membuat (seseorang) malu atau malu: Mortif,penghinaan,Default.jpg
cifs,None,None,None,CIFS,Default.jpg
flunk,verb,ˈfləŋk,gagal terutama dalam ujian atau kursus,gagal,Default.jpg
ndi,None,None,None,ndi,Default.jpg
postino,None,None,None,Postino,Default.jpg
guti,None,None,None,guti,Default.jpg
cyalume,None,None,None,Cyalume,Default.jpg
diges,None,None,None,penggige,Default.jpg
oco,None,None,None,Oco,Default.jpg
forecasting,verb,ˈfȯr-ˌkast,untuk menghitung atau memprediksi (beberapa peristiwa atau kondisi di masa depan) biasanya sebagai hasil dari studi dan analisis data terkait yang tersedia;Terutama: untuk memprediksi (kondisi cuaca) berdasarkan pengamatan meteorologi yang berkorelasi,peramalan,Default.jpg
enlistment,verb,in-ˈlist,untuk mendapatkan dukungan dan bantuan: mempekerjakan dalam memajukan minat,pendaftaran,Default.jpg
darthamerica,None,None,None,Darthamerica,Default.jpg
thehub,None,None,None,Thehub,Default.jpg
spaceframe,noun,space frame,Kerangka kerja tiga dimensi yang biasanya terbuka dari struts dan kawat gigi (seperti pada bangunan dan mobil balap) yang mendefinisikan struktur dan mendistribusikan bobotnya secara merata di segala arah,bingkai ruang,Default.jpg
robbe,biographical name,ˌrȯ-bə-grē-ˈyā,Alain 1922—2008 Penulis Prancis,Robbe,Default.jpg
evora,geographical name,ˈe-vu̇-rə,Kota di South Central Portugal Populasi 56.519,Evora,Default.jpg
cohabitant,verb,(ˌ)kō-ˈha-bət,untuk hidup bersama atau seolah -olah pasangan yang sudah menikah,Cohabitant,Default.jpg
shantha,None,None,None,Shantha,Default.jpg
roogle,None,None,None,Roogle,Default.jpg
tfpsat,None,None,None,tfpsat,Default.jpg
andreola,None,None,None,Andreola,Default.jpg
blare,verb,ˈbler,untuk terdengar keras dan melengkung,bunyi keras,Default.jpg
hyles,None,None,None,Hyles,Default.jpg
wristwear,None,None,None,pakaian tangan,Default.jpg
ep,abbreviation or noun,ˈē-ˈpē,Rekaman musik yang biasanya lebih panjang dari single dan lebih pendek dari album full-length-disebut juga diperpanjang bermain,Ep,Default.jpg
cdexpress,None,None,None,CDExpress,Default.jpg
boy,noun,ˈbȯi,seorang anak laki -laki sejak lahir hingga dewasa,anak laki-laki,Default.jpg
maicrosoft,None,None,None,Microsoft,Default.jpg
mogae,None,None,None,mogae,Default.jpg
peso,noun,ˈpā-(ˌ)sō,Koin perak tua Spanyol dan Amerika Spanyol setara dengan delapan reales,peso,Default.jpg
picton,None,None,None,picton,Default.jpg
geleverd,None,None,None,Geleverd,Default.jpg
fatloss,None,None,None,kehilangan lemak,Default.jpg
artificial,adjective,ˌär-tə-ˈfi-shᵊl,Digester secara manusiawi sering pada model alami: buatan manusia,palsu,Default.jpg
pozar,None,None,None,Pozar,Default.jpg
problems,noun,ˈprä-bləm,"Pertanyaan yang diajukan untuk penyelidikan, pertimbangan, atau solusi",masalah,Default.jpg
eqnikhs,None,None,None,eqnikhs,Default.jpg
hens,noun,ˈhen,Seekor ayam betina terutama lebih dari setahun;Secara luas: seekor burung betina,ayam,Default.jpg
monda,None,None,None,Monda,Default.jpg
dhite,None,None,None,Dhite,Default.jpg
mkdoc,None,None,None,mkdoc,Default.jpg
soutter,None,None,None,Soutter,Default.jpg
parishioner,noun,pə-ˈri-sh(ə-)nər,seorang anggota atau penduduk paroki,umat paroki,Default.jpg
masaharu,None,None,None,Masaharu,Default.jpg
homogenize,verb,hō-ˈmä-jə-ˌnīz,untuk memadukan (beragam elemen) menjadi campuran yang sama di seluruh,homogenisasi,Default.jpg
fen,noun,ˈfen,Tanah rendah yang ditutupi seluruhnya atau sebagian dengan air kecuali jika dikeringkan secara artifisial dan yang biasanya memiliki tanah alkali gambut dan flora khas (seperti edge dan buluh),rawa,Default.jpg
aeoe,None,None,None,aeoe,Default.jpg
cych,None,None,None,cych,Default.jpg
traven,None,None,None,Traven,Default.jpg
bunko,noun,ˈbəŋ-(ˌ)kō,permainan atau skema penipuan,kecurangan,Default.jpg
cantel,None,None,None,mercu kepala,Default.jpg
uln,None,None,None,Uln,Default.jpg
talkingpointsmemo,None,None,None,TalkePointsmemo,Default.jpg
syrena,None,None,None,Syrena,Default.jpg
inorganics,None,None,None,anorganik,Default.jpg
urmia,None,None,None,Urmia,Default.jpg
denywebrename,None,None,None,DENYWEBREName,Default.jpg
facetted,noun,ˈfa-sət,Setiap aspek yang dapat ditentukan yang membentuk subjek (saat kontemplasi) atau objek (sebagai pertimbangan),facetted,Default.jpg
torquata,None,None,None,Torqua,Default.jpg
perlscript,None,None,None,Perlscript,Default.jpg
berenstain,None,None,None,Berenstain,Default.jpg
reptar,None,None,None,Reptar,Default.jpg
herentals,None,None,None,HERENTALS,Default.jpg
hec,None,None,None,HEC,Default.jpg
jazzmatazz,None,None,None,jazzmatazz,Default.jpg
tapioca,noun,ˌta-pē-ˈō-kə,persiapan granular pati singkong yang digunakan terutama pada puding dan sebagai penebalan makanan cair;Juga: hidangan (seperti puding) yang mengandung tapioka,tapioka,Default.jpg
uptoten,None,None,None,sampai sepuluh,Default.jpg
derivate,noun,ˈder-ə-ˌvāt,turunan,turunan,Default.jpg
chirped,verb,ˈchərp,untuk membuat kicauan atau suara yang menyerupai kicauan,berkicau,Default.jpg
mescalero,noun,ˌme-skə-ˈler-(ˌ)ō,Seorang anggota orang Apache Texas dan New Mexico,Mescalero,Default.jpg
hispidus,None,None,None,Hispidus,Default.jpg
marylander,geographical name,ˈmer-ə-lənd,"Negara bagian di AS timur di kedua sisi Chesapeake Bay dan berbatasan dengan Atlantik;Capital Annapolis Area 10.460 mil persegi (27.091 kilometer persegi), populasi 5.773.552",Marylander,Default.jpg
rvm,None,None,None,RVM,Default.jpg
lickers,None,None,None,Lickers,Default.jpg
watchtowers,noun,ˈwäch-ˌtau̇(-ə)r,Menara untuk mencari,Watchtowers,Default.jpg
nonmedically,None,None,None,nonmedically,Default.jpg
coleambally,None,None,None,Coleambally,Default.jpg
databank,noun,data bank,database,Databank,Default.jpg
chowning,None,None,None,chowning,Default.jpg
yauoo,None,None,None,Yahoo,Default.jpg
loner,noun,ˈlō-nər,yang menghindari orang lain: seperti,seorang penyendiri,Default.jpg
zmodem,None,None,None,zmodem,Default.jpg
wxm,None,None,None,wxm,Default.jpg
hughley,None,None,None,Hughley,Default.jpg
autho,None,None,None,autho,Default.jpg
avandamet,None,None,None,Avandamet,Default.jpg
smartfilter,None,None,None,SmartFilter,Default.jpg
keimeno,None,None,None,Keimeno,Default.jpg
asparaginase,noun,ˈel-a-ˈsper-ə-jə-ˌnās,"Enzim yang memecah bentuk asparagin yang lebih umum secara fisiologis, diperoleh terutama dari bakteri, dan digunakan terutama untuk mengobati leukemia",asparaginase,Default.jpg
barbarism,noun,ˈbär-bə-ˌri-zəm,Kondisi sosial atau intelektual barbar atau biadab: keterbelakangan,barbarisme,Default.jpg
matsushima,geographical name,ˌmät-sü-ˈshē-mə,Kelompok lebih dari 200 pulau Jepang di Luar Honshu utara timur laut Sendai,Matsushima,Default.jpg
nchum,None,None,None,nchum,Default.jpg
takeout,noun,ˈtāk-ˌau̇t,makanan siap saji dikemas untuk dikonsumsi jauh dari tempat penjualannya,mengambil,Default.jpg
unimaginative,adjective,ˌən-ə-ˈmaj-nə-tiv,memiliki atau menunjukkan kurangnya imajinasi atau orisinalitas: tidak imajinatif,tidak imajinatif,Default.jpg
whups,verb,ˈ(h)wu̇p,untuk melakukan pemukulan terutama sebagai hukuman,whups,Default.jpg
vocoders,noun,ˈvō-ˈkō-dər,Mekanisme elektronik yang mengurangi sinyal bicara untuk secara perlahan bervariasi sinyal yang dapat ditransmisikan melalui sistem komunikasi bandwidth frekuensi terbatas,vocoders,Default.jpg
nif,None,None,None,nif,Default.jpg
investimento,None,None,None,investimento,Default.jpg
nondist,None,None,None,nondis,Default.jpg
vga,abbreviation,VGA,Array Grafis Video,VGA,Default.jpg
teleconverter,None,None,None,Teleconverter,Default.jpg
outrank,verb,ˌau̇t-ˈraŋk,untuk peringkat lebih tinggi dari,berpangkat lebih tinggi dr,Default.jpg
univega,None,None,None,Univega,Default.jpg
blackwelder,None,None,None,Blackwelder,Default.jpg
mortis,noun,ˌri-gər-ˈmȯr-təs,kekakuan sementara otot yang terjadi setelah kematian,Mortis,Default.jpg
baliga,None,None,None,Baliga,Default.jpg
subkeys,None,None,None,Subkey,Default.jpg
muralidharan,None,None,None,Muralidharan,Default.jpg
hijackfree,None,None,None,HijackFree,Default.jpg
bearnaise,noun,ˈbā-är-ˌnāz-,"Saus kuning telur dan mentega yang dibumbui dengan bawang merah, anggur, cuka, dan bumbu",Bearnaise,Default.jpg
